player_id,footballer_name,year,age,team,country,comp_level,lg_finish,games,games_starts,minutes,minutes_90s,goals,assists,goals_assists,goals_pens,pens_made,pens_att,cards_yellow,cards_red,xg,npxg,xg_assist,npxg_xg_assist,progressive_carries,progressive_passes,progressive_passes_received,goals_per90,assists_per90,goals_assists_per90,goals_pens_per90,goals_assists_pens_per90,xg_per90,xg_assist_per90,xg_xg_assist_per90,npxg_per90,npxg_xg_assist_per90,matches
230a2fac,Giovanni-Di-Lorenzo,2010-2011,16,Reggina,it ITA,2. Serie B,6e,1,1,90,1.0,0,0,0,0,0,0,0,0,,,,,,,,0.00,0.00,0.00,0.00,0.00,,,,,,
230a2fac,Giovanni-Di-Lorenzo,2011-2012,17,Reggina,it ITA,2. Serie B,10e,1,0,45,0.5,0,0,0,0,0,0,0,0,,,,,,,,0.00,0.00,0.00,0.00,0.00,,,,,,
230a2fac,Giovanni-Di-Lorenzo,,,,,,,,,,,,,,,,,,,,,,,,,,,,,,,,,,,,
230a2fac,Giovanni-Di-Lorenzo,2013-2014,19,Reggina,it ITA,2. Serie B,21e,20,17,"1,553",17.3,0,0,0,0,0,0,4,0,,,,,,,,0.00,0.00,0.00,0.00,0.00,,,,,,
230a2fac,Giovanni-Di-Lorenzo,,,,,,,,,,,,,,,,,,,,,,,,,,,,,,,,,,,,
230a2fac,Giovanni-Di-Lorenzo,2017-2018,23,Empoli,it ITA,2. Serie B,1er,36,34,"3,077",34.2,1,5,6,1,0,0,4,0,,,,,,,,0.03,0.15,0.18,0.03,0.18,,,,,,Matchs
230a2fac,Giovanni-Di-Lorenzo,2018-2019,24,Empoli,it ITA,1. Serie A,18e,37,37,"3,330",37.0,5,3,8,5,0,0,8,0,3.6,3.3,5.3,8.6,83,241,219,0.14,0.08,0.22,0.14,0.22,0.10,0.14,0.24,0.09,0.23,Matchs
230a2fac,Giovanni-Di-Lorenzo,2019-2020,25,Napoli,it ITA,1. Serie A,7e,33,33,"2,970",33.0,3,3,6,3,0,0,5,0,3.2,3.2,2.2,5.4,67,204,151,0.09,0.09,0.18,0.09,0.18,0.10,0.07,0.16,0.10,0.16,Matchs
230a2fac,Giovanni-Di-Lorenzo,2020-2021,26,Napoli,it ITA,1. Serie A,5e,36,36,"3,240",36.0,3,6,9,3,0,0,11,0,3.8,3.8,5.7,9.5,104,259,192,0.08,0.17,0.25,0.08,0.25,0.11,0.16,0.26,0.11,0.26,Matchs
230a2fac,Giovanni-Di-Lorenzo,2021-2022,27,Napoli,it ITA,1. Serie A,3e,33,33,"2,869",31.9,1,4,5,1,0,0,3,0,1.1,1.1,2.8,3.9,66,196,154,0.03,0.13,0.16,0.03,0.16,0.03,0.09,0.12,0.03,0.12,Matchs
230a2fac,Giovanni-Di-Lorenzo,2022-2023,28,Napoli,it ITA,1. Serie A,1er,37,36,"3,257",36.2,3,4,7,3,0,0,2,0,2.7,2.7,4.7,7.4,73,256,182,0.08,0.11,0.19,0.08,0.19,0.07,0.13,0.20,0.07,0.20,Matchs
6bb2c084,Andre-Frank-Zambo-Anguissa,2014-2015,18,Reims,fr FRA,1. Ligue 1,15e,0,0,,,,,,,,,,,,,,,,,,,,,,,,,,,,Matchs
6bb2c084,Andre-Frank-Zambo-Anguissa,2015-2016,19,Marseille,fr FRA,1. Ligue 1,13e,9,2,292,3.2,0,0,0,0,0,0,0,0,,,,,,,,0.00,0.00,0.00,0.00,0.00,,,,,,Matchs
6bb2c084,Andre-Frank-Zambo-Anguissa,2016-2017,20,Marseille,fr FRA,1. Ligue 1,5e,33,18,"1,969",21.9,0,1,1,0,0,0,3,0,,,,,,,,0.00,0.05,0.05,0.00,0.05,,,,,,Matchs
6bb2c084,Andre-Frank-Zambo-Anguissa,2017-2018,21,Marseille,fr FRA,1. Ligue 1,4e,37,26,"2,439",27.1,0,0,0,0,0,0,4,0,1.6,1.6,3.2,4.8,59,145,37,0.00,0.00,0.00,0.00,0.00,0.06,0.12,0.18,0.06,0.18,Matchs
6bb2c084,Andre-Frank-Zambo-Anguissa,2018-2019,22,Fulham,eng ENG,1. Premier League,19e,22,16,"1,517",16.9,0,0,0,0,0,0,2,1,0.8,0.8,0.2,1.0,34,112,20,0.00,0.00,0.00,0.00,0.00,0.05,0.01,0.06,0.05,0.06,Matchs
6bb2c084,Andre-Frank-Zambo-Anguissa,2019-2020,23,Villarreal,es ESP,1. La Liga,5e,36,28,"2,583",28.7,2,0,2,2,0,0,6,0,2.8,2.8,0.7,3.4,54,134,46,0.07,0.00,0.07,0.07,0.07,0.10,0.02,0.12,0.10,0.12,Matchs
6bb2c084,Andre-Frank-Zambo-Anguissa,2020-2021,24,Fulham,eng ENG,1. Premier League,18e,36,29,"2,587",28.7,0,3,3,0,0,0,6,0,1.6,1.6,2.5,4.0,81,156,68,0.00,0.10,0.10,0.00,0.10,0.05,0.09,0.14,0.05,0.14,Matchs
6bb2c084,Andre-Frank-Zambo-Anguissa,2021-2022,25,Fulham,eng ENG,2. Championship,1er,3,0,80,0.9,0,0,0,0,0,0,0,0,0.0,0.0,0.5,0.6,6,14,7,0.00,0.00,0.00,0.00,0.00,0.05,0.62,0.66,0.05,0.66,Matchs
6bb2c084,Andre-Frank-Zambo-Anguissa,2021-2022,25,Napoli,it ITA,1. Serie A,3e,25,21,"1,926",21.4,0,1,1,0,0,0,5,0,1.1,1.1,1.1,2.3,45,126,60,0.00,0.05,0.05,0.00,0.05,0.05,0.05,0.11,0.05,0.11,Matchs
6bb2c084,Andre-Frank-Zambo-Anguissa,2022-2023,26,Napoli,it ITA,1. Serie A,1er,36,36,"3,050",33.9,3,5,8,3,0,0,3,0,4.4,4.4,2.6,7.0,58,181,140,0.09,0.15,0.24,0.09,0.24,0.13,0.08,0.21,0.13,0.21,Matchs
e0f8151c,Kim-Min-jae,2017,20,Jeonbuk,kr KOR,1. K League,1er,29,29,"2,508",27.9,2,0,2,2,0,0,10,1,,,,,,,,0.07,0.00,0.07,0.07,0.07,,,,,,Matchs
e0f8151c,Kim-Min-jae,2018,21,Jeonbuk,kr KOR,1. K League,1er,23,21,"1,861",20.7,1,0,1,1,0,0,3,0,,,,,,,,0.05,0.00,0.05,0.05,0.05,,,,,,Matchs
e0f8151c,Kim-Min-jae,2019,22,Beijing Guoan,cn CHN,1. Super League,2e,26,25,"2,161",24.0,0,0,0,0,0,0,0,0,,,,,,,,0.00,0.00,0.00,0.00,0.00,,,,,,Matchs
e0f8151c,Kim-Min-jae,2020,23,Beijing Guoan,cn CHN,1. Super League,3e,11,11,971,10.8,0,0,0,0,0,0,0,0,,,,,,,,0.00,0.00,0.00,0.00,0.00,,,,,,Matchs
e0f8151c,Kim-Min-jae,2021,24,Beijing Guoan,cn CHN,1. Super League,3e,2,2,168,1.9,0,0,0,0,0,0,1,0,,,,,,,,0.00,0.00,0.00,0.00,0.00,,,,,,Matchs
e0f8151c,Kim-Min-jae,2021-2022,24,Fenerbahçe,tr TUR,1. Süper Lig,2e,31,31,"2,668",29.6,1,0,1,1,0,0,6,1,,,,,,,,0.03,0.00,0.03,0.03,0.03,,,,,,Matchs
e0f8151c,Kim-Min-jae,2022-2023,25,Napoli,it ITA,1. Serie A,1er,35,35,"3,050",33.9,2,2,4,2,0,0,5,0,1.0,1.0,1.9,2.9,42,169,8,0.06,0.06,0.12,0.06,0.12,0.03,0.06,0.09,0.03,0.09,Matchs
e1cbb531,Stanislav-Lobotka,2013-2014,18,Jong Ajax,nl NED,2. Eerste Divisie,14e,30,22,"2,090",23.2,3,1,4,3,0,0,1,0,,,,,,,,0.13,0.04,0.17,0.13,0.17,,,,,,
e1cbb531,Stanislav-Lobotka,,,,,,,,,,,,,,,,,,,,,,,,,,,,,,,,,,,,
e1cbb531,Stanislav-Lobotka,2015-2016,20,Nordsjælland,dk DEN,1. Superliga,9e,26,26,"2,314",25.7,0,4,4,0,0,0,3,0,,,,,,,,0.00,0.16,0.16,0.00,0.16,,,,,,Matchs
e1cbb531,Stanislav-Lobotka,2016-2017,21,Nordsjælland,dk DEN,1. Superliga,5e,35,35,"3,129",34.8,0,4,4,0,0,0,7,0,,,,,,,,0.00,0.12,0.12,0.00,0.12,,,,,,Matchs
e1cbb531,Stanislav-Lobotka,2017-2018,22,Celta Vigo,es ESP,1. La Liga,13e,38,34,"3,061",34.0,0,0,0,0,0,0,2,0,0.2,0.2,0.6,0.8,32,205,28,0.00,0.00,0.00,0.00,0.00,0.01,0.02,0.02,0.01,0.02,Matchs
e1cbb531,Stanislav-Lobotka,2018-2019,23,Celta Vigo,es ESP,1. La Liga,17e,31,27,"2,489",27.7,0,1,1,0,0,0,1,0,0.9,0.9,0.9,1.8,46,118,34,0.00,0.04,0.04,0.00,0.04,0.03,0.03,0.06,0.03,0.06,Matchs
e1cbb531,Stanislav-Lobotka,2019-2020,24,Celta Vigo,es ESP,1. La Liga,17e,17,17,"1,383",15.4,0,0,0,0,0,0,1,0,0.6,0.6,0.3,0.9,27,84,22,0.00,0.00,0.00,0.00,0.00,0.04,0.02,0.06,0.04,0.06,Matchs
e1cbb531,Stanislav-Lobotka,2019-2020,24,Napoli,it ITA,1. Serie A,7e,14,9,752,8.4,0,0,0,0,0,0,0,0,0.1,0.1,0.2,0.3,13,42,8,0.00,0.00,0.00,0.00,0.00,0.01,0.02,0.04,0.01,0.04,Matchs
e1cbb531,Stanislav-Lobotka,2020-2021,25,Napoli,it ITA,1. Serie A,5e,15,0,154,1.7,0,0,0,0,0,0,2,0,0.0,0.0,0.0,0.0,3,7,1,0.00,0.00,0.00,0.00,0.00,0.00,0.00,0.00,0.00,0.00,Matchs
e1cbb531,Stanislav-Lobotka,2021-2022,26,Napoli,it ITA,1. Serie A,3e,23,19,"1,686",18.7,1,0,1,1,0,0,2,0,0.1,0.1,0.7,0.8,25,93,13,0.05,0.00,0.05,0.05,0.05,0.01,0.04,0.04,0.01,0.04,Matchs
e1cbb531,Stanislav-Lobotka,2022-2023,27,Napoli,it ITA,1. Serie A,1er,38,34,"3,101",34.5,1,1,2,1,0,0,2,0,0.6,0.6,1.0,1.6,51,172,39,0.03,0.03,0.06,0.03,0.06,0.02,0.03,0.05,0.02,0.05,Matchs
9413b19f,Alex-Meret,2014-2015,17,Udinese,it ITA,1. Serie A,16e,0,0,,,,,,,,,,,,,,,,,,,,,,,,,,,,Matchs
9413b19f,Alex-Meret,2015-2016,18,Udinese,it ITA,1. Serie A,17e,0,0,,,,,,,,,,,,,,,,,,,,,,,,,,,,Matchs
9413b19f,Alex-Meret,2016-2017,19,SPAL,it ITA,2. Serie B,1er,30,30,"2,658",29.5,0,0,0,0,0,0,2,0,,,,,,,,0.00,0.00,0.00,0.00,0.00,,,,,,Matchs
9413b19f,Alex-Meret,2017-2018,20,SPAL,it ITA,1. Serie A,17e,13,13,"1,158",12.9,0,0,0,0,0,0,0,0,0.0,0.0,0.0,0.0,0,0,0,0.00,0.00,0.00,0.00,0.00,0.00,0.00,0.00,0.00,0.00,Matchs
9413b19f,Alex-Meret,2018-2019,21,Napoli,it ITA,1. Serie A,2e,14,13,"1,151",12.8,0,0,0,0,0,0,0,1,0.0,0.0,0.0,0.0,0,0,0,0.00,0.00,0.00,0.00,0.00,0.00,0.00,0.00,0.00,0.00,Matchs
9413b19f,Alex-Meret,2019-2020,22,Napoli,it ITA,1. Serie A,7e,22,21,"1,951",21.7,0,0,0,0,0,0,0,0,0.0,0.0,0.0,0.0,0,0,0,0.00,0.00,0.00,0.00,0.00,0.00,0.00,0.00,0.00,0.00,Matchs
9413b19f,Alex-Meret,2020-2021,23,Napoli,it ITA,1. Serie A,5e,22,22,"1,980",22.0,0,0,0,0,0,0,0,0,0.0,0.0,0.0,0.0,0,0,0,0.00,0.00,0.00,0.00,0.00,0.00,0.00,0.00,0.00,0.00,Matchs
9413b19f,Alex-Meret,2021-2022,24,Napoli,it ITA,1. Serie A,3e,7,7,619,6.9,0,0,0,0,0,0,0,0,0.0,0.0,0.0,0.0,0,0,0,0.00,0.00,0.00,0.00,0.00,0.00,0.00,0.00,0.00,0.00,Matchs
9413b19f,Alex-Meret,2022-2023,25,Napoli,it ITA,1. Serie A,1er,34,34,"3,060",34.0,0,0,0,0,0,0,0,0,0.0,0.0,0.0,0.0,0,0,0,0.00,0.00,0.00,0.00,0.00,0.00,0.00,0.00,0.00,0.00,Matchs
8c90fd7a,Victor-Osimhen,2016-2017,17,Wolfsburg,de GER,1. Bundesliga,16e,2,0,47,0.5,0,0,0,0,0,0,1,0,,,,,,,,0.00,0.00,0.00,0.00,0.00,,,,,,Matchs
8c90fd7a,Victor-Osimhen,2017-2018,18,Wolfsburg,de GER,1. Bundesliga,16e,12,3,287,3.2,0,0,0,0,0,0,0,0,0.8,0.8,0.2,1.0,5,5,26,0.00,0.00,0.00,0.00,0.00,0.25,0.05,0.30,0.25,0.30,Matchs
8c90fd7a,Victor-Osimhen,2018-2019,19,Charleroi,be BEL,1. First Division A,8e,25,22,"2,028",22.5,12,3,15,11,1,1,1,0,,,,,,,,0.53,0.13,0.67,0.49,0.62,,,,,,Matchs
8c90fd7a,Victor-Osimhen,2019-2020,20,Lille,fr FRA,1. Ligue 1,4e,27,25,"2,287",25.4,13,4,17,11,2,3,4,0,15.5,13.2,2.9,16.1,35,11,148,0.51,0.16,0.67,0.43,0.59,0.61,0.12,0.73,0.52,0.63,Matchs
8c90fd7a,Victor-Osimhen,2020-2021,21,Napoli,it ITA,1. Serie A,5e,24,16,"1,573",17.5,10,3,13,10,0,0,4,0,10.6,10.6,2.5,13.1,41,9,100,0.57,0.17,0.74,0.57,0.74,0.61,0.14,0.75,0.61,0.75,Matchs
8c90fd7a,Victor-Osimhen,2021-2022,22,Napoli,it ITA,1. Serie A,3e,27,23,"1,983",22.0,14,2,16,14,0,0,5,1,10.5,10.5,1.8,12.4,49,18,178,0.64,0.09,0.73,0.64,0.73,0.48,0.08,0.56,0.48,0.56,Matchs
8c90fd7a,Victor-Osimhen,2022-2023,23,Napoli,it ITA,1. Serie A,1er,32,30,"2,566",28.5,26,4,30,24,2,3,4,0,21.3,18.9,2.8,21.8,43,28,196,0.91,0.14,1.05,0.84,0.98,0.75,0.10,0.85,0.66,0.76,Matchs
dea88efd,Khvicha-Kvaratskhelia,2018-2019,17,Loko Moscow,ru RUS,1. Premier League,2e,7,1,246,2.7,1,0,1,1,0,0,1,0,,,,,,,,0.37,0.00,0.37,0.37,0.37,,,,,,Matchs
dea88efd,Khvicha-Kvaratskhelia,2019-2020,18,Rubin Kazan,ru RUS,1. Premier League,10e,27,14,"1,473",16.4,3,2,5,3,0,0,6,1,,,,,,,,0.18,0.12,0.31,0.18,0.31,,,,,,Matchs
dea88efd,Khvicha-Kvaratskhelia,2020-2021,19,Rubin Kazan,ru RUS,1. Premier League,4e,23,20,"1,744",19.4,4,4,8,4,0,0,6,0,,,,,,,,0.21,0.21,0.41,0.21,0.41,,,,,,Matchs
dea88efd,Khvicha-Kvaratskhelia,2021-2022,20,Rubin Kazan,ru RUS,1. Premier League,15e,19,17,"1,425",15.8,2,4,6,2,0,1,6,0,,,,,,,,0.13,0.25,0.38,0.13,0.38,,,,,,Matchs
dea88efd,Khvicha-Kvaratskhelia,2022-2023,21,Napoli,it ITA,1. Serie A,1er,34,30,"2,518",28.0,12,10,22,10,2,2,1,0,8.2,6.6,7.7,14.2,139,91,291,0.43,0.36,0.79,0.36,0.71,0.29,0.27,0.56,0.23,0.51,Matchs
4b3e1a38,Amir-Rrahmani,2015-2016,21,RNK Split,hr CRO,1. 1. HNL,6e,34,34,"3,060",34.0,1,0,1,0,1,1,4,0,,,,,,,,0.03,0.00,0.03,0.00,0.00,,,,,,Matchs
4b3e1a38,Amir-Rrahmani,2016-2017,22,RNK Split,hr CRO,1. 1. HNL,10e,7,7,630,7.0,0,0,0,0,0,0,1,0,,,,,,,,0.00,0.00,0.00,0.00,0.00,,,,,,Matchs
4b3e1a38,Amir-Rrahmani,2016-2017,22,Lokomotiva,hr CRO,1. 1. HNL,5e,28,28,"2,520",28.0,1,1,2,1,0,0,1,0,,,,,,,,0.04,0.04,0.07,0.04,0.07,,,,,,Matchs
4b3e1a38,Amir-Rrahmani,2017-2018,23,Dinamo Zagreb,hr CRO,1. 1. HNL,1er,25,20,"1,788",19.9,1,2,3,1,0,0,3,0,,,,,,,,0.05,0.10,0.15,0.05,0.15,,,,,,Matchs
4b3e1a38,Amir-Rrahmani,2018-2019,24,Dinamo Zagreb,hr CRO,1. 1. HNL,1er,15,14,"1,282",14.2,3,0,3,3,0,0,5,0,,,,,,,,0.21,0.00,0.21,0.21,0.21,,,,,,Matchs
4b3e1a38,Amir-Rrahmani,2019-2020,25,Hellas Verona,it ITA,1. Serie A,9e,36,36,"3,228",35.9,0,1,1,0,0,0,5,0,3.5,3.5,0.9,4.4,38,127,27,0.00,0.03,0.03,0.00,0.03,0.10,0.02,0.12,0.10,0.12,Matchs
4b3e1a38,Amir-Rrahmani,2020-2021,26,Napoli,it ITA,1. Serie A,5e,16,12,"1,094",12.2,1,0,1,1,0,0,2,0,0.4,0.4,0.0,0.4,0,24,2,0.08,0.00,0.08,0.08,0.08,0.03,0.00,0.03,0.03,0.03,Matchs
4b3e1a38,Amir-Rrahmani,2021-2022,27,Napoli,it ITA,1. Serie A,3e,33,33,"2,927",32.5,4,0,4,4,0,0,5,0,4.0,4.0,0.1,4.1,12,81,3,0.12,0.00,0.12,0.12,0.12,0.12,0.00,0.13,0.12,0.13,Matchs
4b3e1a38,Amir-Rrahmani,2022-2023,28,Napoli,it ITA,1. Serie A,1er,29,27,"2,448",27.2,2,1,3,2,0,0,2,0,1.8,1.8,1.0,2.9,23,135,5,0.07,0.04,0.11,0.07,0.11,0.07,0.04,0.11,0.07,0.11,Matchs
a5296e55,Piotr-Zielinski,2012-2013,18,Udinese,it ITA,1. Serie A,5e,9,4,318,3.5,0,1,1,0,0,0,1,0,,,,,,,,0.00,0.28,0.28,0.00,0.28,,,,,,Matchs
a5296e55,Piotr-Zielinski,2013-2014,19,Udinese,it ITA,1. Serie A,13e,10,0,136,1.5,0,0,0,0,0,0,0,0,,,,,,,,0.00,0.00,0.00,0.00,0.00,,,,,,Matchs
a5296e55,Piotr-Zielinski,2014-2015,20,Empoli,it ITA,1. Serie A,15e,28,7,"1,050",11.7,0,3,3,0,0,0,3,0,,,,,,,,0.00,0.26,0.26,0.00,0.26,,,,,,Matchs
a5296e55,Piotr-Zielinski,2015-2016,21,Empoli,it ITA,1. Serie A,10e,35,35,"3,026",33.6,5,4,9,5,0,0,6,1,,,,,,,,0.15,0.12,0.27,0.15,0.27,,,,,,Matchs
a5296e55,Piotr-Zielinski,2016-2017,22,Napoli,it ITA,1. Serie A,3e,36,18,"1,868",20.8,5,7,12,5,0,0,4,0,,,,,,,,0.24,0.34,0.58,0.24,0.58,,,,,,Matchs
a5296e55,Piotr-Zielinski,2017-2018,23,Napoli,it ITA,1. Serie A,2e,36,14,"1,667",18.5,4,1,5,4,0,0,3,0,2.5,2.5,2.7,5.2,73,149,112,0.22,0.05,0.27,0.22,0.27,0.13,0.15,0.28,0.13,0.28,Matchs
a5296e55,Piotr-Zielinski,2018-2019,24,Napoli,it ITA,1. Serie A,2e,36,33,"2,875",31.9,6,2,8,6,0,0,6,0,5.5,5.5,4.8,10.3,134,249,197,0.19,0.06,0.25,0.19,0.25,0.17,0.15,0.32,0.17,0.32,Matchs
a5296e55,Piotr-Zielinski,2019-2020,25,Napoli,it ITA,1. Serie A,7e,37,32,"2,924",32.5,2,4,6,2,0,0,4,0,4.1,4.1,3.7,7.8,134,282,153,0.06,0.12,0.18,0.06,0.18,0.13,0.12,0.24,0.13,0.24,Matchs
a5296e55,Piotr-Zielinski,2020-2021,26,Napoli,it ITA,1. Serie A,5e,36,32,"2,523",28.0,8,10,18,8,0,0,2,0,5.3,5.3,5.2,10.5,93,154,157,0.29,0.36,0.64,0.29,0.64,0.19,0.18,0.37,0.19,0.37,Matchs
a5296e55,Piotr-Zielinski,2021-2022,27,Napoli,it ITA,1. Serie A,3e,35,26,"2,086",23.2,6,5,11,6,0,0,1,0,3.4,3.4,3.9,7.2,50,128,95,0.26,0.22,0.47,0.26,0.47,0.15,0.17,0.31,0.15,0.31,Matchs
a5296e55,Piotr-Zielinski,2022-2023,28,Napoli,it ITA,1. Serie A,1er,37,27,"2,287",25.4,3,8,11,3,0,0,3,0,3.5,3.5,7.4,10.9,62,128,129,0.12,0.31,0.43,0.12,0.43,0.14,0.29,0.43,0.14,0.43,Matchs
0b5a292a,Mario-Rui,2011-2012,20,Gubbio,it ITA,2. Serie B,21e,31,25,"2,346",26.1,2,0,2,2,0,0,12,0,,,,,,,,0.08,0.00,0.08,0.08,0.08,,,,,,
0b5a292a,Mario-Rui,2012-2013,21,Spezia,it ITA,2. Serie B,13e,23,14,"1,423",15.8,0,0,0,0,0,0,4,1,,,,,,,,0.00,0.00,0.00,0.00,0.00,,,,,,
0b5a292a,Mario-Rui,2013-2014,22,Empoli,it ITA,2. Serie B,2e,26,14,"1,510",16.8,0,1,1,0,0,0,4,2,,,,,,,,0.00,0.06,0.06,0.00,0.06,,,,,,
0b5a292a,Mario-Rui,2014-2015,23,Empoli,it ITA,1. Serie A,15e,34,28,"2,599",28.9,0,4,4,0,0,0,9,0,,,,,,,,0.00,0.14,0.14,0.00,0.14,,,,,,Matchs
0b5a292a,Mario-Rui,2015-2016,24,Empoli,it ITA,1. Serie A,10e,36,36,"3,240",36.0,0,2,2,0,0,0,7,1,,,,,,,,0.00,0.06,0.06,0.00,0.06,,,,,,Matchs
0b5a292a,Mario-Rui,2016-2017,25,Roma,it ITA,1. Serie A,2e,5,3,347,3.9,0,0,0,0,0,0,1,0,,,,,,,,0.00,0.00,0.00,0.00,0.00,,,,,,Matchs
0b5a292a,Mario-Rui,2017-2018,26,Napoli,it ITA,1. Serie A,2e,25,24,"2,087",23.2,2,2,4,2,0,0,9,2,0.3,0.3,2.9,3.2,67,137,145,0.09,0.09,0.17,0.09,0.17,0.01,0.13,0.14,0.01,0.14,Matchs
0b5a292a,Mario-Rui,2018-2019,27,Napoli,it ITA,1. Serie A,2e,20,17,"1,417",15.7,1,1,2,1,0,0,5,1,0.6,0.6,2.1,2.7,69,105,134,0.06,0.06,0.13,0.06,0.13,0.04,0.13,0.17,0.04,0.17,Matchs
0b5a292a,Mario-Rui,2019-2020,28,Napoli,it ITA,1. Serie A,7e,24,22,"1,966",21.8,0,2,2,0,0,0,8,0,1.1,1.1,3.7,4.8,70,154,146,0.00,0.09,0.09,0.00,0.09,0.05,0.17,0.22,0.05,0.22,Matchs
0b5a292a,Mario-Rui,2020-2021,29,Napoli,it ITA,1. Serie A,5e,27,17,"1,669",18.5,0,2,2,0,0,0,4,0,0.9,0.9,2.2,3.0,37,67,111,0.00,0.11,0.11,0.00,0.11,0.05,0.12,0.16,0.05,0.16,Matchs
0b5a292a,Mario-Rui,2021-2022,30,Napoli,it ITA,1. Serie A,3e,34,34,"2,992",33.2,0,5,5,0,0,0,7,0,1.6,1.6,3.3,4.9,67,150,155,0.00,0.15,0.15,0.00,0.15,0.05,0.10,0.15,0.05,0.15,Matchs
0b5a292a,Mario-Rui,2022-2023,31,Napoli,it ITA,1. Serie A,1er,22,21,"1,749",19.4,0,6,6,0,0,0,2,1,0.6,0.6,4.0,4.6,52,153,97,0.00,0.31,0.31,0.00,0.31,0.03,0.20,0.24,0.03,0.24,Matchs
a69e4806,Hirving-Lozano,2013-2014,18,Pachuca,mx MEX,1. Liga MX,12e,10,1,355,3.9,1,3,4,1,0,0,0,1,,,,,,,,0.25,0.76,1.01,0.25,1.01,,,,,,
a69e4806,Hirving-Lozano,2014-2015,19,Pachuca,mx MEX,1. Liga MX,6e,31,29,"2,540",28.2,7,5,12,7,0,0,2,0,,,,,,,,0.25,0.18,0.43,0.25,0.43,,,,,,Matchs
a69e4806,Hirving-Lozano,2015-2016,20,Pachuca,mx MEX,1. Liga MX,8e,34,34,"3,002",33.4,10,6,16,10,0,0,6,1,,,,,,,,0.30,0.18,0.48,0.30,0.48,,,,,,Matchs
a69e4806,Hirving-Lozano,2016-2017,21,Pachuca,mx MEX,1. Liga MX,3e,27,25,"2,125",23.6,10,4,14,9,1,1,10,4,,,,,,,,0.42,0.17,0.59,0.38,0.55,,,,,,Matchs
a69e4806,Hirving-Lozano,2017-2018,22,PSV Eindhoven,nl NED,1. Eredivisie,1er,29,29,"2,346",26.1,17,8,25,17,0,0,4,2,,,,,,,,0.65,0.31,0.96,0.65,0.96,,,,,,Matchs
a69e4806,Hirving-Lozano,2018-2019,23,PSV Eindhoven,nl NED,1. Eredivisie,2e,30,30,"2,459",27.3,17,8,25,13,4,4,4,0,14.9,11.7,8.2,20.0,140,52,311,0.62,0.29,0.92,0.48,0.77,0.54,0.30,0.85,0.43,0.73,Matchs
a69e4806,Hirving-Lozano,2019-2020,24,PSV Eindhoven,nl NED,1. Eredivisie,4e,1,1,49,0.5,0,0,0,0,0,0,0,0,0.2,0.2,0.1,0.2,4,2,7,0.00,0.00,0.00,0.00,0.00,0.36,0.10,0.45,0.36,0.45,Matchs
a69e4806,Hirving-Lozano,2019-2020,24,Napoli,it ITA,1. Serie A,7e,26,10,"1,025",11.4,4,1,5,4,0,0,3,0,4.2,4.2,2.0,6.1,60,23,146,0.35,0.09,0.44,0.35,0.44,0.37,0.17,0.54,0.37,0.54,Matchs
a69e4806,Hirving-Lozano,2020-2021,25,Napoli,it ITA,1. Serie A,5e,32,23,"1,965",21.8,11,3,14,11,0,0,6,0,9.3,9.3,4.8,14.1,112,44,256,0.50,0.14,0.64,0.50,0.64,0.43,0.22,0.65,0.43,0.65,Matchs
a69e4806,Hirving-Lozano,2021-2022,26,Napoli,it ITA,1. Serie A,3e,30,20,"1,613",17.9,5,5,10,5,0,0,3,0,5.9,5.7,2.2,7.9,82,53,179,0.28,0.28,0.56,0.28,0.56,0.33,0.12,0.45,0.32,0.44,Matchs
a69e4806,Hirving-Lozano,2022-2023,27,Napoli,it ITA,1. Serie A,1er,32,20,"1,605",17.8,3,3,6,2,1,1,3,0,5.4,4.6,3.3,7.9,86,49,190,0.17,0.17,0.34,0.11,0.28,0.30,0.19,0.49,0.26,0.45,Matchs
41c12f75,Mathias-Olivera,2014-2015,16,Nacional,uy URU,1. Primera División,1er,0,0,,,,,,,,,,,,,,,,,,,,,,,,,,,,Matchs
41c12f75,Mathias-Olivera,2015-2016,17,Nacional,uy URU,1. Primera División,2e,2,2,180,2.0,0,0,0,0,0,0,1,0,,,,,,,,0.00,0.00,0.00,0.00,0.00,,,,,,Matchs
41c12f75,Mathias-Olivera,2016,18,Nacional,uy URU,1. Primera División,1er,0,0,,,,,,,,,,,,,,,,,,,,,,,,,,,,Matchs
41c12f75,Mathias-Olivera,2017-2018,19,Getafe,es ESP,1. La Liga,8e,3,1,103,1.1,1,0,1,1,0,0,0,0,0.2,0.2,0.1,0.3,1,1,5,0.87,0.00,0.87,0.87,0.87,0.21,0.06,0.27,0.21,0.27,Matchs
41c12f75,Mathias-Olivera,2018-2019,20,Albacete,es ESP,2. Segunda División,4e,15,14,"1,269",14.1,1,0,1,1,0,0,1,0,,,,,,,,0.07,0.00,0.07,0.07,0.07,,,,,,Matchs
41c12f75,Mathias-Olivera,2018-2019,20,Getafe,es ESP,1. La Liga,5e,14,12,"1,007",11.2,0,1,1,0,0,0,6,1,0.4,0.4,0.9,1.3,27,36,41,0.00,0.09,0.09,0.00,0.09,0.04,0.08,0.12,0.04,0.12,Matchs
41c12f75,Mathias-Olivera,2019-2020,21,Getafe,es ESP,1. La Liga,8e,24,21,"1,870",20.8,0,1,1,0,0,0,7,1,0.6,0.6,0.8,1.4,36,84,30,0.00,0.05,0.05,0.00,0.05,0.03,0.04,0.07,0.03,0.07,Matchs
41c12f75,Mathias-Olivera,2020-2021,22,Getafe,es ESP,1. La Liga,15e,31,30,"2,614",29.0,0,0,0,0,0,0,6,0,2.5,2.5,2.1,4.6,49,102,59,0.00,0.00,0.00,0.00,0.00,0.09,0.07,0.16,0.09,0.16,Matchs
41c12f75,Mathias-Olivera,2021-2022,23,Getafe,es ESP,1. La Liga,15e,32,32,"2,803",31.1,1,3,4,1,0,0,10,0,2.4,2.0,2.4,4.4,73,101,95,0.03,0.10,0.13,0.03,0.13,0.08,0.08,0.16,0.06,0.14,Matchs
41c12f75,Mathias-Olivera,2022-2023,24,Napoli,it ITA,1. Serie A,1er,30,17,"1,643",18.3,2,2,4,2,0,0,2,0,0.7,0.7,2.1,2.8,60,88,68,0.11,0.11,0.22,0.11,0.22,0.04,0.12,0.16,0.04,0.16,Matchs
cf007308,Elif-Elmas,2017-2018,17,Fenerbahçe,tr TUR,1. Süper Lig,2e,0,0,,,,,,,,,,,,,,,,,,,,,,,,,,,,Matchs
cf007308,Elif-Elmas,2018-2019,18,Fenerbahçe,tr TUR,1. Süper Lig,6e,29,17,"1,600",17.8,4,0,4,4,0,0,4,0,,,,,,,,0.23,0.00,0.23,0.23,0.23,,,,,,Matchs
cf007308,Elif-Elmas,2019-2020,19,Napoli,it ITA,1. Serie A,7e,26,12,"1,134",12.6,1,1,2,1,0,0,7,0,2.0,2.0,1.0,3.0,44,46,49,0.08,0.08,0.16,0.08,0.16,0.16,0.08,0.23,0.16,0.23,Matchs
cf007308,Elif-Elmas,2020-2021,20,Napoli,it ITA,1. Serie A,5e,33,3,740,8.2,2,1,3,2,0,0,3,0,1.4,1.4,0.7,2.1,27,18,35,0.24,0.12,0.36,0.24,0.36,0.17,0.08,0.26,0.17,0.26,Matchs
cf007308,Elif-Elmas,2021-2022,21,Napoli,it ITA,1. Serie A,3e,37,12,"1,620",18.0,3,4,7,3,0,0,3,0,2.3,2.3,1.8,4.1,59,53,96,0.17,0.22,0.39,0.17,0.39,0.13,0.10,0.23,0.13,0.23,Matchs
cf007308,Elif-Elmas,2022-2023,22,Napoli,it ITA,1. Serie A,1er,36,14,"1,627",18.1,6,3,9,5,1,1,5,0,4.0,3.3,1.9,5.2,42,73,103,0.33,0.17,0.50,0.28,0.44,0.22,0.11,0.33,0.18,0.29,Matchs
5e861944,Matteo-Politano,2013-2014,19,Pescara,it ITA,2. Serie B,15e,31,21,"1,771",19.7,6,2,8,6,0,0,2,0,,,,,,,,0.30,0.10,0.41,0.30,0.41,,,,,,
5e861944,Matteo-Politano,2014-2015,20,Pescara,it ITA,2. Serie B,7e,41,36,"3,043",33.8,5,2,7,5,0,0,5,0,,,,,,,,0.15,0.06,0.21,0.15,0.21,,,,,,Matchs
5e861944,Matteo-Politano,2015-2016,21,Sassuolo,it ITA,1. Serie A,6e,28,11,"1,045",11.6,5,2,7,5,0,0,3,0,,,,,,,,0.43,0.17,0.60,0.43,0.60,,,,,,Matchs
5e861944,Matteo-Politano,2016-2017,22,Sassuolo,it ITA,1. Serie A,12e,32,25,"2,313",25.7,5,6,11,3,2,2,5,0,,,,,,,,0.19,0.23,0.43,0.12,0.35,,,,,,Matchs
5e861944,Matteo-Politano,2017-2018,23,Sassuolo,it ITA,1. Serie A,11e,36,33,"2,812",31.2,10,4,14,10,0,2,1,0,9.4,7.8,6.9,14.7,146,102,314,0.32,0.13,0.45,0.32,0.45,0.30,0.22,0.52,0.25,0.47,Matchs
5e861944,Matteo-Politano,2018-2019,24,Inter,it ITA,1. Serie A,4e,36,31,"2,549",28.3,5,6,11,5,0,0,4,1,4.6,4.6,5.6,10.2,141,150,303,0.18,0.21,0.39,0.18,0.39,0.16,0.20,0.36,0.16,0.36,Matchs
5e861944,Matteo-Politano,2019-2020,25,Inter,it ITA,1. Serie A,2e,11,2,259,2.9,0,0,0,0,0,0,0,0,0.7,0.7,0.7,1.4,22,3,29,0.00,0.00,0.00,0.00,0.00,0.23,0.26,0.49,0.23,0.49,Matchs
5e861944,Matteo-Politano,2019-2020,25,Napoli,it ITA,1. Serie A,7e,15,9,743,8.3,2,2,4,2,0,0,1,0,1.5,1.5,1.5,3.0,38,30,77,0.24,0.24,0.48,0.24,0.48,0.18,0.18,0.37,0.18,0.37,Matchs
5e861944,Matteo-Politano,2020-2021,26,Napoli,it ITA,1. Serie A,5e,37,22,"1,908",21.2,9,4,13,9,0,0,3,0,5.2,5.2,3.9,9.1,94,78,197,0.42,0.19,0.61,0.42,0.61,0.25,0.18,0.43,0.25,0.43,Matchs
5e861944,Matteo-Politano,2021-2022,27,Napoli,it ITA,1. Serie A,3e,33,20,"1,650",18.3,3,4,7,3,0,0,3,0,2.6,2.6,3.1,5.6,76,64,191,0.16,0.22,0.38,0.16,0.38,0.14,0.17,0.31,0.14,0.31,Matchs
5e861944,Matteo-Politano,2022-2023,28,Napoli,it ITA,1. Serie A,1er,27,14,"1,166",13.0,3,3,6,1,2,3,1,0,4.1,1.7,3.6,5.4,81,72,138,0.23,0.23,0.46,0.08,0.31,0.32,0.28,0.60,0.13,0.41,Matchs
79083382,Juan-Jesus,2011-2012,20,Inter,it ITA,1. Serie A,6e,1,0,1,0.0,0,,,0,0,,0,0,,,,,,,,0.00,,,0.00,,,,,,,Matchs
79083382,Juan-Jesus,2012-2013,21,Inter,it ITA,1. Serie A,9e,31,31,"2,697",30.0,1,1,2,1,0,0,14,1,,,,,,,,0.03,0.03,0.07,0.03,0.07,,,,,,Matchs
79083382,Juan-Jesus,2013-2014,22,Inter,it ITA,1. Serie A,5e,27,27,"2,350",26.1,0,0,0,0,0,0,7,0,,,,,,,,0.00,0.00,0.00,0.00,0.00,,,,,,Matchs
79083382,Juan-Jesus,2014-2015,23,Inter,it ITA,1. Serie A,8e,32,32,"2,847",31.6,0,0,0,0,0,0,14,0,,,,,,,,0.00,0.00,0.00,0.00,0.00,,,,,,Matchs
79083382,Juan-Jesus,2015-2016,24,Inter,it ITA,1. Serie A,4e,19,16,"1,413",15.7,0,0,0,0,0,0,3,0,,,,,,,,0.00,0.00,0.00,0.00,0.00,,,,,,Matchs
79083382,Juan-Jesus,2016-2017,25,Roma,it ITA,1. Serie A,2e,20,13,"1,193",13.3,0,0,0,0,0,0,5,0,,,,,,,,0.00,0.00,0.00,0.00,0.00,,,,,,Matchs
79083382,Juan-Jesus,2017-2018,26,Roma,it ITA,1. Serie A,3e,22,18,"1,658",18.4,0,0,0,0,0,0,4,1,0.5,0.5,0.2,0.6,7,73,7,0.00,0.00,0.00,0.00,0.00,0.03,0.01,0.03,0.03,0.03,Matchs
79083382,Juan-Jesus,2018-2019,27,Roma,it ITA,1. Serie A,6e,20,15,"1,403",15.6,1,0,1,1,0,0,4,0,0.7,0.7,0.0,0.7,3,44,1,0.06,0.00,0.06,0.06,0.06,0.04,0.00,0.05,0.04,0.05,Matchs
79083382,Juan-Jesus,2019-2020,28,Roma,it ITA,1. Serie A,5e,4,1,139,1.5,0,0,0,0,0,0,2,0,0.0,0.0,0.0,0.0,0,3,0,0.00,0.00,0.00,0.00,0.00,0.00,0.00,0.00,0.00,0.00,Matchs
79083382,Juan-Jesus,2020-2021,29,Roma,it ITA,1. Serie A,7e,5,0,157,1.7,0,0,0,0,0,0,0,0,0.0,0.0,0.0,0.0,1,5,0,0.00,0.00,0.00,0.00,0.00,0.00,0.00,0.00,0.00,0.00,Matchs
79083382,Juan-Jesus,2021-2022,30,Napoli,it ITA,1. Serie A,3e,21,14,"1,278",14.2,1,0,1,1,0,0,1,0,0.3,0.3,0.3,0.6,1,36,0,0.07,0.00,0.07,0.07,0.07,0.02,0.02,0.04,0.02,0.04,Matchs
79083382,Juan-Jesus,2022-2023,31,Napoli,it ITA,1. Serie A,1er,15,10,933,10.4,1,0,1,1,0,0,2,0,0.2,0.2,0.1,0.3,14,55,3,0.10,0.00,0.10,0.10,0.10,0.02,0.01,0.02,0.02,0.02,Matchs
6e058f06,Giacomo-Raspadori,2018-2019,18,Sassuolo,it ITA,1. Serie A,11e,1,0,1,0.0,0,0,0,0,0,0,0,0,0.0,0.0,0.0,0.0,0,0,0,0.00,0.00,0.00,0.00,0.00,0.00,0.00,0.00,0.00,0.00,Matchs
6e058f06,Giacomo-Raspadori,2019-2020,19,Sassuolo,it ITA,1. Serie A,8e,11,2,264,2.9,2,0,2,2,0,0,0,0,1.3,1.3,0.2,1.5,7,10,13,0.68,0.00,0.68,0.68,0.68,0.45,0.07,0.53,0.45,0.53,Matchs
6e058f06,Giacomo-Raspadori,2020-2021,20,Sassuolo,it ITA,1. Serie A,8e,27,13,"1,232",13.7,6,0,6,6,0,0,1,0,4.3,4.3,2.1,6.4,21,33,99,0.44,0.00,0.44,0.44,0.44,0.31,0.16,0.47,0.31,0.47,Matchs
6e058f06,Giacomo-Raspadori,2021-2022,21,Sassuolo,it ITA,1. Serie A,11e,36,32,"2,740",30.4,10,4,14,10,0,0,9,1,7.2,7.2,3.7,10.9,49,86,178,0.33,0.13,0.46,0.33,0.46,0.24,0.12,0.36,0.24,0.36,Matchs
6e058f06,Giacomo-Raspadori,2022-2023,22,Sassuolo,it ITA,1. Serie A,13e,1,0,45,0.5,0,0,0,0,0,0,0,0,0.0,0.0,0.0,0.0,0,2,4,0.00,0.00,0.00,0.00,0.00,0.00,0.00,0.00,0.00,0.00,Matchs
6e058f06,Giacomo-Raspadori,2022-2023,22,Napoli,it ITA,1. Serie A,1er,25,10,911,10.1,2,2,4,2,0,0,1,0,3.5,3.5,1.3,4.8,13,33,88,0.20,0.20,0.40,0.20,0.40,0.35,0.13,0.47,0.35,0.47,Matchs
5cdddffa,Tanguy-Ndombele,2016-2017,19,Amiens,fr FRA,2. Ligue 2,2e,30,21,"1,899",21.1,2,7,9,2,0,0,2,2,,,,,,,,0.09,0.33,0.43,0.09,0.43,,,,,,Matchs
5cdddffa,Tanguy-Ndombele,2017-2018,20,Amiens,fr FRA,1. Ligue 1,13e,3,3,236,2.6,0,0,0,0,0,0,0,0,0.3,0.3,0.1,0.4,12,17,8,0.00,0.00,0.00,0.00,0.00,0.10,0.06,0.16,0.10,0.16,Matchs
5cdddffa,Tanguy-Ndombele,2017-2018,20,Lyon,fr FRA,1. Ligue 1,3e,32,28,"2,352",26.1,0,6,6,0,0,0,5,0,1.4,1.4,4.5,5.9,69,178,55,0.00,0.23,0.23,0.00,0.23,0.05,0.17,0.23,0.05,0.23,Matchs
5cdddffa,Tanguy-Ndombele,2018-2019,21,Lyon,fr FRA,1. Ligue 1,3e,34,31,"2,690",29.9,1,7,8,1,0,0,3,0,1.9,1.9,3.6,5.5,81,266,61,0.03,0.23,0.27,0.03,0.27,0.06,0.12,0.18,0.06,0.18,Matchs
5cdddffa,Tanguy-Ndombele,2019-2020,22,Tottenham,eng ENG,1. Premier League,6e,21,12,"1,009",11.2,2,2,4,2,0,0,3,0,0.4,0.4,0.7,1.1,22,77,33,0.18,0.18,0.36,0.18,0.36,0.03,0.07,0.10,0.03,0.10,Matchs
5cdddffa,Tanguy-Ndombele,2020-2021,23,Tottenham,eng ENG,1. Premier League,7e,33,28,"2,091",23.2,3,2,5,3,0,0,3,0,1.6,1.6,1.8,3.4,60,114,58,0.13,0.09,0.22,0.13,0.22,0.07,0.08,0.15,0.07,0.15,Matchs
5cdddffa,Tanguy-Ndombele,2021-2022,24,Tottenham,eng ENG,1. Premier League,4e,9,6,484,5.4,1,1,2,1,0,0,1,0,0.4,0.4,0.4,0.8,14,21,25,0.19,0.19,0.37,0.19,0.37,0.08,0.07,0.16,0.08,0.16,Matchs
5cdddffa,Tanguy-Ndombele,2021-2022,24,Lyon,fr FRA,1. Ligue 1,8e,11,7,701,7.8,0,2,2,0,0,0,3,0,0.2,0.2,1.7,1.9,13,56,10,0.00,0.26,0.26,0.00,0.26,0.03,0.22,0.25,0.03,0.25,Matchs
5cdddffa,Tanguy-Ndombele,2022-2023,25,Napoli,it ITA,1. Serie A,1er,30,8,807,9.0,1,0,1,1,0,0,5,0,1.0,1.0,0.5,1.4,27,52,33,0.11,0.00,0.11,0.11,0.11,0.11,0.05,0.16,0.11,0.16,Matchs
b35a7399,Leo-Skiri-Ostigard,2017,17,Molde,no NOR,1. Eliteserien,2e,1,0,8,0.1,0,0,0,0,0,0,0,0,,,,,,,,0.00,0.00,0.00,0.00,0.00,,,,,,Matchs
b35a7399,Leo-Skiri-Ostigard,2018,18,Molde,no NOR,1. Eliteserien,2e,0,0,,,,,,,,,,,,,,,,,,,,,,,,,,,,Matchs
b35a7399,Leo-Skiri-Ostigard,2018-2019,18,Brighton,eng ENG,Jr. PL2 — Div. 1,3e,12,12,"1,010",11.2,2,0,2,2,0,0,1,0,,,,,,,,0.18,0.00,0.18,0.18,0.18,,,,,,Matchs
b35a7399,Leo-Skiri-Ostigard,2019-2020,19,St. Pauli,de GER,2. 2. Bundesliga,14e,28,26,"2,347",26.1,1,0,1,1,0,0,8,0,,,,,,,,0.04,0.00,0.04,0.04,0.04,,,,,,Matchs
b35a7399,Leo-Skiri-Ostigard,2020-2021,20,Coventry City,eng ENG,2. Championship,16e,39,35,"3,119",34.7,2,2,4,2,0,0,12,1,3.1,3.1,1.7,4.8,33,94,8,0.06,0.06,0.12,0.06,0.12,0.09,0.05,0.14,0.09,0.14,Matchs
b35a7399,Leo-Skiri-Ostigard,2021-2022,21,Stoke City,eng ENG,2. Championship,14e,13,12,"1,101",12.2,1,0,1,1,0,0,4,0,1.1,1.1,0.2,1.2,21,49,7,0.08,0.00,0.08,0.08,0.08,0.09,0.01,0.10,0.09,0.10,Matchs
b35a7399,Leo-Skiri-Ostigard,2021-2022,21,Genoa,it ITA,1. Serie A,19e,15,13,"1,172",13.0,0,0,0,0,0,0,4,2,0.3,0.3,0.2,0.5,10,38,2,0.00,0.00,0.00,0.00,0.00,0.02,0.01,0.04,0.02,0.04,Matchs
b35a7399,Leo-Skiri-Ostigard,2021-2022,21,Stoke City,eng ENG,Jr. PL2 — Div. 2,3e,1,1,90,1.0,0,0,0,0,0,0,0,0,,,,,,,,0.00,0.00,0.00,0.00,0.00,,,,,,Matchs
b35a7399,Leo-Skiri-Ostigard,2022-2023,22,Napoli,it ITA,1. Serie A,1er,7,4,419,4.7,0,0,0,0,0,0,1,0,0.1,0.1,0.0,0.1,5,23,1,0.00,0.00,0.00,0.00,0.00,0.02,0.00,0.02,0.02,0.02,Matchs
f0f7f62f,Pierluigi-Gollini,2014-2015,19,Hellas Verona,it ITA,1. Serie A,13e,3,3,270,3.0,0,0,0,0,0,0,0,0,,,,,,,,0.00,0.00,0.00,0.00,0.00,,,,,,Matchs
f0f7f62f,Pierluigi-Gollini,2015-2016,20,Hellas Verona,it ITA,1. Serie A,20e,26,25,"2,320",25.8,0,0,0,0,0,0,2,0,,,,,,,,0.00,0.00,0.00,0.00,0.00,,,,,,Matchs
f0f7f62f,Pierluigi-Gollini,2016-2017,21,Aston Villa,eng ENG,2. Championship,13e,20,20,"1,755",19.5,0,0,0,0,0,0,0,0,,,,,,,,0.00,0.00,0.00,0.00,0.00,,,,,,Matchs
f0f7f62f,Pierluigi-Gollini,2016-2017,21,Atalanta,it ITA,1. Serie A,4e,4,4,360,4.0,0,0,0,0,0,0,1,0,,,,,,,,0.00,0.00,0.00,0.00,0.00,,,,,,Matchs
f0f7f62f,Pierluigi-Gollini,2017-2018,22,Atalanta,it ITA,1. Serie A,7e,7,7,622,6.9,0,0,0,0,0,0,0,0,0.0,0.0,0.0,0.0,0,0,0,0.00,0.00,0.00,0.00,0.00,0.00,0.00,0.00,0.00,0.00,Matchs
f0f7f62f,Pierluigi-Gollini,2018-2019,23,Atalanta,it ITA,1. Serie A,3e,20,20,"1,799",20.0,0,0,0,0,0,0,1,0,0.0,0.0,0.0,0.0,0,0,0,0.00,0.00,0.00,0.00,0.00,0.00,0.00,0.00,0.00,0.00,Matchs
f0f7f62f,Pierluigi-Gollini,2019-2020,24,Atalanta,it ITA,1. Serie A,3e,33,33,"2,884",32.0,0,0,0,0,0,0,3,0,0.0,0.0,0.0,0.0,0,0,0,0.00,0.00,0.00,0.00,0.00,0.00,0.00,0.00,0.00,0.00,Matchs
f0f7f62f,Pierluigi-Gollini,2020-2021,25,Atalanta,it ITA,1. Serie A,3e,25,25,"2,156",24.0,0,0,0,0,0,0,0,1,0.0,0.0,0.0,0.0,0,0,0,0.00,0.00,0.00,0.00,0.00,0.00,0.00,0.00,0.00,0.00,Matchs
f0f7f62f,Pierluigi-Gollini,2021-2022,26,Tottenham,eng ENG,1. Premier League,4e,0,0,,,,,,,,,,,,,,,,,,,,,,,,,,,,Matchs
f0f7f62f,Pierluigi-Gollini,2022-2023,27,Fiorentina,it ITA,1. Serie A,8e,3,3,270,3.0,0,0,0,0,0,0,0,0,0.0,0.0,0.0,0.0,0,0,0,0.00,0.00,0.00,0.00,0.00,0.00,0.00,0.00,0.00,0.00,Matchs
f0f7f62f,Pierluigi-Gollini,2022-2023,27,Napoli,it ITA,1. Serie A,1er,4,4,360,4.0,0,0,0,0,0,0,0,0,0.0,0.0,0.0,0.0,0,0,0,0.00,0.00,0.00,0.00,0.00,0.00,0.00,0.00,0.00,0.00,Matchs
d19ef4ef,Alessio-Zerbin,2016-2017,17,Napoli,it ITA,1. Serie A,3e,0,0,,,,,,,,,,,,,,,,,,,,,,,,,,,,Matchs
d19ef4ef,Alessio-Zerbin,,,,,,,,,,,,,,,,,,,,,,,,,,,,,,,,,,,,
d19ef4ef,Alessio-Zerbin,2021-2022,22,Frosinone,it ITA,2. Serie B,9e,31,26,"2,069",23.0,9,3,12,9,0,0,6,0,,,,,,,,0.39,0.13,0.52,0.39,0.52,,,,,,Matchs
d19ef4ef,Alessio-Zerbin,2022-2023,23,Napoli,it ITA,1. Serie A,1er,10,2,198,2.2,0,0,0,0,0,0,1,0,0.3,0.3,0.0,0.3,5,6,20,0.00,0.00,0.00,0.00,0.00,0.12,0.00,0.12,0.12,0.12,Matchs
61b3978f,Bartosz-Bereszynski,2009-2010,17,Lech Poznań,pl POL,1. Ekstraklasa,1er,2,0,9,0.1,0,0,0,0,0,0,0,0,,,,,,,,0.00,0.00,0.00,0.00,0.00,,,,,,
61b3978f,Bartosz-Bereszynski,,,,,,,,,,,,,,,,,,,,,,,,,,,,,,,,,,,,
61b3978f,Bartosz-Bereszynski,2012-2013,20,Lech Poznań,pl POL,1. Ekstraklasa,2e,11,4,493,5.5,1,0,1,1,0,0,1,0,,,,,,,,0.18,0.00,0.18,0.18,0.18,,,,,,Matchs
61b3978f,Bartosz-Bereszynski,2012-2013,20,Legia Warsaw,pl POL,1. Ekstraklasa,1er,12,9,846,9.4,0,0,0,0,0,0,3,0,,,,,,,,0.00,0.00,0.00,0.00,0.00,,,,,,Matchs
61b3978f,Bartosz-Bereszynski,2013-2014,21,Legia Warsaw,pl POL,1. Ekstraklasa,1er,18,17,"1,544",17.2,1,0,1,1,0,0,2,1,,,,,,,,0.06,0.00,0.06,0.06,0.06,,,,,,Matchs
61b3978f,Bartosz-Bereszynski,2014-2015,22,Legia Warsaw,pl POL,1. Ekstraklasa,2e,16,14,"1,296",14.4,0,0,0,0,0,0,2,0,,,,,,,,0.00,0.00,0.00,0.00,0.00,,,,,,Matchs
61b3978f,Bartosz-Bereszynski,2015-2016,23,Legia Warsaw,pl POL,1. Ekstraklasa,1er,16,8,770,8.6,0,1,1,0,0,0,0,0,,,,,,,,0.00,0.12,0.12,0.00,0.12,,,,,,Matchs
61b3978f,Bartosz-Bereszynski,2016-2017,24,Legia Warsaw,pl POL,1. Ekstraklasa,1er,11,11,990,11.0,0,2,2,0,0,0,4,0,,,,,,,,0.00,0.18,0.18,0.00,0.18,,,,,,Matchs
61b3978f,Bartosz-Bereszynski,2016-2017,24,Sampdoria,it ITA,1. Serie A,10e,13,11,"1,051",11.7,0,0,0,0,0,0,1,0,,,,,,,,0.00,0.00,0.00,0.00,0.00,,,,,,Matchs
61b3978f,Bartosz-Bereszynski,2017-2018,25,Sampdoria,it ITA,1. Serie A,10e,31,28,"2,480",27.6,0,1,1,0,0,0,5,0,0.1,0.1,1.0,1.1,40,118,64,0.00,0.04,0.04,0.00,0.04,0.00,0.04,0.04,0.00,0.04,Matchs
61b3978f,Bartosz-Bereszynski,2018-2019,26,Sampdoria,it ITA,1. Serie A,9e,27,24,"2,200",24.4,0,2,2,0,0,0,6,1,0.3,0.3,0.7,1.0,51,150,97,0.00,0.08,0.08,0.00,0.08,0.01,0.03,0.04,0.01,0.04,Matchs
61b3978f,Bartosz-Bereszynski,2019-2020,27,Sampdoria,it ITA,1. Serie A,15e,28,27,"2,402",26.7,0,0,0,0,0,0,10,0,0.4,0.4,0.5,0.9,49,117,71,0.00,0.00,0.00,0.00,0.00,0.01,0.02,0.03,0.01,0.03,Matchs
61b3978f,Bartosz-Bereszynski,2020-2021,28,Sampdoria,it ITA,1. Serie A,9e,31,29,"2,607",29.0,1,0,1,1,0,0,2,0,0.2,0.2,0.7,0.8,42,103,81,0.03,0.00,0.03,0.03,0.03,0.01,0.02,0.03,0.01,0.03,Matchs
61b3978f,Bartosz-Bereszynski,2021-2022,29,Sampdoria,it ITA,1. Serie A,15e,35,35,"2,946",32.7,0,3,3,0,0,0,12,0,0.5,0.5,1.8,2.3,52,105,108,0.00,0.09,0.09,0.00,0.09,0.01,0.05,0.07,0.01,0.07,Matchs
61b3978f,Bartosz-Bereszynski,2022-2023,30,Sampdoria,it ITA,1. Serie A,20e,15,15,"1,198",13.3,0,0,0,0,0,0,1,0,0.1,0.1,0.1,0.2,20,44,40,0.00,0.00,0.00,0.00,0.00,0.01,0.01,0.02,0.01,0.02,Matchs
61b3978f,Bartosz-Bereszynski,2022-2023,30,Napoli,it ITA,1. Serie A,1er,3,2,166,1.8,0,1,1,0,0,0,1,0,0.0,0.0,0.2,0.2,8,7,7,0.00,0.54,0.54,0.00,0.54,0.00,0.10,0.10,0.00,0.10,Matchs
dc3fa3b5,Diego-Demme,2010-2011,18,Arminia,de GER,2. 2. Bundesliga,18e,10,10,794,8.8,0,1,1,0,0,0,4,0,,,,,,,,0.00,0.11,0.11,0.00,0.11,,,,,,
dc3fa3b5,Diego-Demme,2011-2012,19,Arminia,de GER,3. 3. Liga,13e,10,2,312,3.5,0,0,0,0,0,0,2,0,,,,,,,,0.00,0.00,0.00,0.00,0.00,,,,,,
dc3fa3b5,Diego-Demme,2011-2012,19,Paderborn 07,de GER,2. 2. Bundesliga,5e,12,8,711,7.9,0,0,0,0,0,0,2,0,,,,,,,,0.00,0.00,0.00,0.00,0.00,,,,,,
dc3fa3b5,Diego-Demme,2012-2013,20,Paderborn 07,de GER,2. 2. Bundesliga,12e,29,29,"2,439",27.1,0,1,1,0,0,0,4,1,,,,,,,,0.00,0.04,0.04,0.00,0.04,,,,,,
dc3fa3b5,Diego-Demme,2013-2014,21,Paderborn 07,de GER,2. 2. Bundesliga,2e,17,13,"1,091",12.1,0,1,1,0,0,0,4,0,,,,,,,,0.00,0.08,0.08,0.00,0.08,,,,,,
dc3fa3b5,Diego-Demme,2013-2014,21,RB Leipzig,de GER,3. 3. Liga,2e,16,16,"1,410",15.7,0,2,2,0,0,0,3,0,,,,,,,,0.00,0.13,0.13,0.00,0.13,,,,,,
dc3fa3b5,Diego-Demme,2014-2015,22,RB Leipzig,de GER,2. 2. Bundesliga,5e,30,26,"2,139",23.8,0,2,2,0,0,0,6,0,,,,,,,,0.00,0.08,0.08,0.00,0.08,,,,,,Matchs
dc3fa3b5,Diego-Demme,2015-2016,23,RB Leipzig,de GER,2. 2. Bundesliga,2e,28,26,"2,187",24.3,0,2,2,0,0,0,7,0,,,,,,,,0.00,0.08,0.08,0.00,0.08,,,,,,Matchs
dc3fa3b5,Diego-Demme,2016-2017,24,RB Leipzig,de GER,1. Bundesliga,2e,32,32,"2,870",31.9,1,3,4,1,0,0,4,0,,,,,,,,0.03,0.09,0.13,0.03,0.13,,,,,,Matchs
dc3fa3b5,Diego-Demme,2017-2018,25,RB Leipzig,de GER,1. Bundesliga,6e,30,25,"2,284",25.4,0,3,3,0,0,0,4,0,0.5,0.5,2.2,2.7,60,250,41,0.00,0.12,0.12,0.00,0.12,0.02,0.09,0.10,0.02,0.10,Matchs
dc3fa3b5,Diego-Demme,2018-2019,26,RB Leipzig,de GER,1. Bundesliga,3e,26,24,"2,055",22.8,0,2,2,0,0,0,4,0,0.4,0.4,2.7,3.1,52,182,38,0.00,0.09,0.09,0.00,0.09,0.02,0.12,0.14,0.02,0.14,Matchs
dc3fa3b5,Diego-Demme,2019-2020,27,RB Leipzig,de GER,1. Bundesliga,3e,17,14,"1,211",13.5,0,0,0,0,0,0,3,0,0.8,0.8,1.0,1.7,18,112,16,0.00,0.00,0.00,0.00,0.00,0.06,0.07,0.13,0.06,0.13,Matchs
dc3fa3b5,Diego-Demme,2019-2020,27,Napoli,it ITA,1. Serie A,7e,15,10,902,10.0,1,0,1,1,0,0,6,0,0.4,0.4,0.4,0.8,20,76,8,0.10,0.00,0.10,0.10,0.10,0.04,0.04,0.08,0.04,0.08,Matchs
dc3fa3b5,Diego-Demme,2020-2021,28,Napoli,it ITA,1. Serie A,5e,24,20,"1,590",17.7,2,3,5,2,0,0,6,0,1.2,1.2,1.9,3.1,27,117,26,0.11,0.17,0.28,0.11,0.28,0.07,0.11,0.17,0.07,0.17,Matchs
dc3fa3b5,Diego-Demme,2021-2022,29,Napoli,it ITA,1. Serie A,3e,19,7,692,7.7,1,0,1,1,0,0,4,0,0.7,0.7,0.4,1.1,8,44,2,0.13,0.00,0.13,0.13,0.13,0.09,0.05,0.14,0.09,0.14,Matchs
dc3fa3b5,Diego-Demme,2022-2023,30,Napoli,it ITA,1. Serie A,1er,7,2,146,1.6,0,0,0,0,0,0,0,0,0.0,0.0,0.0,0.0,3,16,1,0.00,0.00,0.00,0.00,0.00,0.00,0.01,0.01,0.00,0.01,Matchs
343c0d52,Giovanni-Simeone,2014,18,River Plate,ar ARG,1. Primera Div,2e,7,0,149,1.7,0,0,0,0,0,0,0,0,,,,,,,,0.00,0.00,0.00,0.00,0.00,,,,,,Matchs
343c0d52,Giovanni-Simeone,2015,19,River Plate,ar ARG,1. Primera Div,9e,3,1,108,1.2,0,0,0,0,0,0,0,0,,,,,,,,0.00,0.00,0.00,0.00,0.00,,,,,,Matchs
343c0d52,Giovanni-Simeone,2015,19,Banfield,ar ARG,1. Primera Div,8e,15,15,"1,224",13.6,7,0,7,7,0,0,2,0,,,,,,,,0.51,0.00,0.51,0.51,0.51,,,,,,Matchs
343c0d52,Giovanni-Simeone,2016,20,Banfield,ar ARG,1. Primera Div,13e,16,14,"1,279",14.2,5,1,6,5,0,0,0,0,,,,,,,,0.35,0.07,0.42,0.35,0.42,,,,,,Matchs
343c0d52,Giovanni-Simeone,2016-2017,21,Genoa,it ITA,1. Serie A,16e,35,29,"2,614",29.0,12,1,13,11,1,2,3,0,,,,,,,,0.41,0.03,0.45,0.38,0.41,,,,,,Matchs
343c0d52,Giovanni-Simeone,2017-2018,22,Fiorentina,it ITA,1. Serie A,8e,38,36,"2,998",33.3,14,4,18,14,0,0,3,0,14.3,14.3,2.9,17.2,58,32,245,0.42,0.12,0.54,0.42,0.54,0.43,0.09,0.52,0.43,0.52,Matchs
343c0d52,Giovanni-Simeone,2018-2019,23,Fiorentina,it ITA,1. Serie A,16e,36,27,"2,454",27.3,6,3,9,6,0,0,2,0,11.2,11.2,2.4,13.5,38,26,173,0.22,0.11,0.33,0.22,0.33,0.41,0.09,0.50,0.41,0.50,Matchs
343c0d52,Giovanni-Simeone,2019-2020,24,Fiorentina,it ITA,1. Serie A,10e,0,0,,,,,,,,,,,,,,,,,,,,,,,,,,,,Matchs
343c0d52,Giovanni-Simeone,2019-2020,24,Cagliari,it ITA,1. Serie A,14e,37,34,"2,924",32.5,12,3,15,12,0,0,4,0,11.8,11.8,2.3,14.1,41,19,189,0.37,0.09,0.46,0.37,0.46,0.36,0.07,0.43,0.36,0.43,Matchs
343c0d52,Giovanni-Simeone,2020-2021,25,Cagliari,it ITA,1. Serie A,16e,33,19,"1,740",19.3,6,2,8,6,0,0,1,0,7.7,7.7,1.3,9.1,25,13,81,0.31,0.10,0.41,0.31,0.41,0.40,0.07,0.47,0.40,0.47,Matchs
343c0d52,Giovanni-Simeone,2021-2022,26,Cagliari,it ITA,1. Serie A,18e,1,0,7,0.1,0,0,0,0,0,0,0,0,0.0,0.0,0.0,0.0,0,1,2,0.00,0.00,0.00,0.00,0.00,0.00,0.00,0.00,0.00,0.00,Matchs
343c0d52,Giovanni-Simeone,2021-2022,26,Hellas Verona,it ITA,1. Serie A,9e,35,32,"2,653",29.5,17,5,22,17,0,1,8,0,10.3,9.5,3.2,12.7,40,40,259,0.58,0.17,0.75,0.58,0.75,0.35,0.11,0.46,0.32,0.43,Matchs
343c0d52,Giovanni-Simeone,2022-2023,27,Napoli,it ITA,1. Serie A,1er,25,1,406,4.5,4,1,5,4,0,0,1,0,1.4,1.4,1.2,2.5,11,9,34,0.89,0.22,1.11,0.89,1.11,0.30,0.26,0.56,0.30,0.56,Matchs
3b387cc7,Gianluca-Gaetano,2018-2019,18,Napoli,it ITA,1. Serie A,2e,2,0,8,0.1,0,0,0,0,0,0,0,0,0.0,0.0,0.1,0.1,1,0,3,0.00,0.00,0.00,0.00,0.00,0.32,0.78,1.11,0.32,1.11,Matchs
3b387cc7,Gianluca-Gaetano,2019-2020,19,Napoli,it ITA,1. Serie A,7e,0,0,,,,,,,,,,,,,,,,,,,,,,,,,,,,Matchs
3b387cc7,Gianluca-Gaetano,2019-2020,19,Cremonese,it ITA,2. Serie B,12e,15,8,706,7.8,3,1,4,3,0,0,2,0,,,,,,,,0.38,0.13,0.51,0.38,0.51,,,,,,Matchs
3b387cc7,Gianluca-Gaetano,2020-2021,20,Cremonese,it ITA,2. Serie B,13e,34,24,"1,892",21.0,5,3,8,5,0,0,3,0,,,,,,,,0.24,0.14,0.38,0.24,0.38,,,,,,Matchs
3b387cc7,Gianluca-Gaetano,2021-2022,21,Cremonese,it ITA,2. Serie B,2e,35,28,"2,437",27.1,7,5,12,7,0,0,4,0,,,,,,,,0.26,0.18,0.44,0.26,0.44,,,,,,Matchs
3b387cc7,Gianluca-Gaetano,2021-2022,21,Napoli,it ITA,1. Serie A,3e,2,0,20,0.2,0,0,0,0,0,0,0,0,0.0,0.0,0.0,0.0,0,1,0,0.00,0.00,0.00,0.00,0.00,0.00,0.00,0.00,0.00,0.00,Matchs
3b387cc7,Gianluca-Gaetano,2022-2023,22,Napoli,it ITA,1. Serie A,1er,8,0,76,0.8,1,1,2,1,0,0,0,0,1.1,1.1,0.2,1.2,4,4,9,1.18,1.18,2.37,1.18,2.37,1.42,0.22,1.64,1.42,1.64,Matchs
2f45300d,Karim-Zedadka,2018-2019,18,Napoli,it ITA,1. Serie A,2e,0,0,,,,,,,,,,,,,,,,,,,,,,,,,,,,Matchs
2f45300d,Karim-Zedadka,,,,,,,,,,,,,,,,,,,,,,,,,,,,,,,,,,,,
2f45300d,Karim-Zedadka,2020-2021,20,Napoli,it ITA,1. Serie A,5e,0,0,,,,,,,,,,,,,,,,,,,,,,,,,,,,Matchs
2f45300d,Karim-Zedadka,2021-2022,21,Charleroi,be BEL,1. First Division A,6e,11,2,360,4.0,0,0,0,0,0,0,3,0,,,,,,,,0.00,0.00,0.00,0.00,0.00,,,,,,Matchs
2f45300d,Karim-Zedadka,2022-2023,22,Napoli,it ITA,1. Serie A,1er,3,0,20,0.2,0,0,0,0,0,0,0,0,0.0,0.0,0.0,0.0,1,0,4,0.00,0.00,0.00,0.00,0.00,0.00,0.00,0.00,0.00,0.00,Matchs
ed90babd,Adam-Ounas,2015-2016,18,Bordeaux,fr FRA,1. Ligue 1,11e,23,15,"1,311",14.6,5,2,7,5,0,0,4,0,,,,,,,,0.34,0.14,0.48,0.34,0.48,,,,,,Matchs
ed90babd,Adam-Ounas,2016-2017,19,Bordeaux,fr FRA,1. Ligue 1,6e,26,11,"1,224",13.6,3,2,5,2,1,1,5,1,,,,,,,,0.22,0.15,0.37,0.15,0.29,,,,,,Matchs
ed90babd,Adam-Ounas,2017-2018,20,Napoli,it ITA,1. Serie A,2e,7,0,96,1.1,0,0,0,0,0,0,0,0,0.2,0.2,0.3,0.5,3,4,17,0.00,0.00,0.00,0.00,0.00,0.19,0.29,0.48,0.19,0.48,Matchs
ed90babd,Adam-Ounas,2018-2019,21,Napoli,it ITA,1. Serie A,2e,18,6,538,6.0,3,0,3,3,0,0,0,0,1.4,1.4,1.9,3.3,45,30,77,0.50,0.00,0.50,0.50,0.50,0.24,0.32,0.56,0.24,0.56,Matchs
ed90babd,Adam-Ounas,2019-2020,22,Nice,fr FRA,1. Ligue 1,5e,16,14,"1,123",12.5,2,4,6,2,0,0,2,1,2.0,2.0,3.3,5.3,41,52,132,0.16,0.32,0.48,0.16,0.48,0.16,0.26,0.42,0.16,0.42,Matchs
ed90babd,Adam-Ounas,2020-2021,23,Crotone,it ITA,1. Serie A,19e,15,15,"1,199",13.3,4,4,8,4,0,0,1,0,2.3,2.3,2.9,5.2,56,69,66,0.30,0.30,0.60,0.30,0.60,0.17,0.22,0.39,0.17,0.39,Matchs
ed90babd,Adam-Ounas,2020-2021,23,Cagliari,it ITA,1. Serie A,16e,7,3,308,3.4,0,0,0,0,0,0,0,0,0.9,0.9,0.9,1.8,10,15,27,0.00,0.00,0.00,0.00,0.00,0.25,0.27,0.52,0.25,0.52,Matchs
ed90babd,Adam-Ounas,2021-2022,24,Napoli,it ITA,1. Serie A,3e,15,1,326,3.6,0,0,0,0,0,0,1,0,0.7,0.7,0.8,1.5,28,31,44,0.00,0.00,0.00,0.00,0.00,0.19,0.22,0.41,0.19,0.41,Matchs
ed90babd,Adam-Ounas,2022-2023,25,Napoli,it ITA,1. Serie A,1er,2,0,15,0.2,0,0,0,0,0,0,0,0,0.0,0.0,0.0,0.0,3,4,1,0.00,0.00,0.00,0.00,0.00,0.23,0.00,0.23,0.23,0.23,Matchs
ed90babd,Adam-Ounas,2022-2023,25,Lille,fr FRA,1. Ligue 1,5e,21,12,"1,064",11.8,1,1,2,1,0,0,2,0,2.3,2.3,2.8,5.1,55,66,125,0.08,0.08,0.17,0.08,0.17,0.20,0.23,0.43,0.20,0.43,Matchs
3b12b11f,Alessandro-Zanoli,2017-2018,16,Carpi,it ITA,2. Serie B,11e,0,0,,,,,,,,,,,,,,,,,,,,,,,,,,,,Matchs
3b12b11f,Alessandro-Zanoli,,,,,,,,,,,,,,,,,,,,,,,,,,,,,,,,,,,,
3b12b11f,Alessandro-Zanoli,2021-2022,20,Napoli,it ITA,1. Serie A,3e,12,5,457,5.1,0,0,0,0,0,0,2,0,0.0,0.0,0.1,0.1,11,17,13,0.00,0.00,0.00,0.00,0.00,0.00,0.01,0.01,0.00,0.01,Matchs
3b12b11f,Alessandro-Zanoli,2022-2023,21,Napoli,it ITA,1. Serie A,1er,1,0,12,0.1,0,0,0,0,0,0,0,0,0.1,0.1,0.0,0.1,1,0,2,0.00,0.00,0.00,0.00,0.00,0.47,0.00,0.47,0.47,0.47,Matchs
3b12b11f,Alessandro-Zanoli,2022-2023,21,Sampdoria,it ITA,1. Serie A,20e,22,16,"1,540",17.1,2,3,5,2,0,0,3,0,2.6,2.6,1.2,3.8,50,36,60,0.12,0.18,0.29,0.12,0.29,0.15,0.07,0.22,0.15,0.22,Matchs
